<?xml version="1.0" encoding="utf-8"?>
<DataModelInfo xmlns:xsd="http://www.w3.org/2001/XMLSchema" xmlns:xsi="http://www.w3.org/2001/XMLSchema-instance" xmlns="http://schemas.qualisystems.com/ResourceManagement/DataModelSchema.xsd">
  <Attributes />
  <ResourceFamilies>
    <ResourceFamily Name="QS Field Utility Services" ImagePath="QS Field Utility Services_Family.png" Description="" IsAdminOnly="true" IsService="true" ServiceType="Regular">
      <AttachedAttributes />
      <AttributeValues />
      <Models>
        <ResourceModel Name="QS Field Python Generator" ImagePath="QS Field Python Generator_Model.png" Description="" SupportsConcurrentCommands="false">
          <AttachedAttributes />
          <AttributeValues />
          <ParentModels />
          <Drivers>
            <DriverName>QS PythonGenerator</DriverName>
          </Drivers>
          <Scripts />
        </ResourceModel>
      </Models>
      <Categories>
        <Category>QS Field Utility Services</Category>
      </Categories>
    </ResourceFamily>
  </ResourceFamilies>
  <DriverDescriptors>
    <DriverDescriptor Name="QS PythonGenerator" DriverType="TestShellDriver" />
  </DriverDescriptors>
  <ScriptDescriptors />
</DataModelInfo>