<?xml version="1.0" encoding="utf-8"?>
<TopologyInfo xmlns:xsd="http://www.w3.org/2001/XMLSchema" xmlns:xsi="http://www.w3.org/2001/XMLSchema-instance" xmlns="http://schemas.qualisystems.com/ResourceManagement/TopologySchema.xsd">
  <Details Name="Python Generator" Alias="Python Generator" Public="false" ImageName="Python Generator.png" DefaultDuration="120">
    <Instructions>&lt;p&gt;&lt;br&gt;&lt;/p&gt;</Instructions>
    <Categories />
    <Diagram Zoom="0.95" />
  </Details>
  <Services>
    <Service PositionX="716" PositionY="246" Alias="QS Field Python Generator" ServiceName="QS Field Python Generator" />
  </Services>
</TopologyInfo>